<?xml version="1.0" encoding="UTF-8"?>
<!--

       Copyright 2010-2018 the original author or authors.

       Licensed under the Apache License, Version 2.0 (the "License");
       you may not use this file except in compliance with the License.
       You may obtain a copy of the License at

          http://www.apache.org/licenses/LICENSE-2.0

       Unless required by applicable law or agreed to in writing, software
       distributed under the License is distributed on an "AS IS" BASIS,
       WITHOUT WARRANTIES OR CONDITIONS OF ANY KIND, either express or implied.
       See the License for the specific language governing permissions and
       limitations under the License.

-->
<document xmlns="http://maven.apache.org/XDOC/2.0"
  xmlns:xsi="http://www.w3.org/2001/XMLSchema-instance"
  xsi:schemaLocation="http://maven.apache.org/XDOC/2.0 http://maven.apache.org/xsd/xdoc-2.0.xsd">

  <properties>
    <title>MyBatis-Spring | Spring Boot</title>
    <author email="eduardo.macarron@gmail.com">Eduardo Macarron</author>
  </properties>
                             
  <body>
    <section name="Using Spring Boot">
      <p>
        Please see the <a href="http://www.mybatis.org/spring-boot-starter/mybatis-spring-boot-autoconfigure">MyBatis Spring-boot-starter</a> 
        subproject docs for details.
      </p>
    </section>
  </body>
</document>
